"","cell.colors"
"SRR5674616","#FF0000FF"
"SRR5674617","#CCFF00FF"
"SRR5674618","#FF0000FF"
"SRR5674619","#CCFF00FF"
"SRR5674620","#00FF66FF"
"SRR5674621","#FF0000FF"
"SRR5674622","#FF0000FF"
"SRR5674623","#0066FFFF"
"SRR5674624","#00FF66FF"
"SRR5674625","#FF0000FF"
"SRR5674607","#FF0000FF"
"SRR5674626","#CCFF00FF"
"SRR5674627","#00FF66FF"
"SRR5674628","#00FF66FF"
"SRR5674629","#00FF66FF"
"SRR5674630","#FF0000FF"
"SRR5674608","#FF0000FF"
"SRR5674609","#FF0000FF"
"SRR5674610","#00FF66FF"
"SRR5674611","#0066FFFF"
"SRR5674612","#0066FFFF"
"SRR5674613","#00FF66FF"
"SRR5674615","#00FF66FF"
"SRR5674640","#FF0000FF"
"SRR5674641","#FF0000FF"
"SRR5674642","#00FF66FF"
"SRR5674643","#FF0000FF"
"SRR5674644","#CCFF00FF"
"SRR5674646","#00FF66FF"
"SRR5674647","#00FF66FF"
"SRR5674648","#00FF66FF"
"SRR5674649","#00FF66FF"
"SRR5674631","#0066FFFF"
"SRR5674650","#FF0000FF"
"SRR5674651","#00FF66FF"
"SRR5674652","#FF0000FF"
"SRR5674653","#CC00FFFF"
"SRR5674654","#FF0000FF"
"SRR5674632","#0066FFFF"
"SRR5674633","#00FF66FF"
"SRR5674634","#FF0000FF"
"SRR5674635","#00FF66FF"
"SRR5674636","#0066FFFF"
"SRR5674637","#00FF66FF"
"SRR5674638","#0066FFFF"
"SRR5674639","#FF0000FF"
"SRR5674664","#00FF66FF"
"SRR5674665","#00FF66FF"
"SRR5674666","#FF0000FF"
"SRR5674667","#00FF66FF"
"SRR5674668","#FF0000FF"
"SRR5674669","#00FF66FF"
"SRR5674670","#0066FFFF"
"SRR5674671","#00FF66FF"
"SRR5674672","#00FF66FF"
"SRR5674673","#CCFF00FF"
"SRR5674655","#00FF66FF"
"SRR5674674","#00FF66FF"
"SRR5674675","#00FF66FF"
"SRR5674676","#FF0000FF"
"SRR5674677","#FF0000FF"
"SRR5674678","#00FF66FF"
"SRR5674656","#CCFF00FF"
"SRR5674657","#00FF66FF"
"SRR5674658","#CC00FFFF"
"SRR5674659","#CCFF00FF"
"SRR5674660","#FF0000FF"
"SRR5674661","#00FF66FF"
"SRR5674662","#00FF66FF"
"SRR5674663","#00FF66FF"
"SRR5674688","#FF0000FF"
"SRR5674689","#00FF66FF"
"SRR5674690","#CC00FFFF"
"SRR5674691","#0066FFFF"
"SRR5674692","#0066FFFF"
"SRR5674693","#FF0000FF"
"SRR5674694","#CC00FFFF"
"SRR5674695","#CCFF00FF"
"SRR5674696","#00FF66FF"
"SRR5674697","#00FF66FF"
"SRR5674679","#CCFF00FF"
"SRR5674698","#0066FFFF"
"SRR5674699","#FF0000FF"
"SRR5674700","#CCFF00FF"
"SRR5674702","#0066FFFF"
"SRR5674680","#CCFF00FF"
"SRR5674681","#FF0000FF"
"SRR5674682","#0066FFFF"
"SRR5674683","#CCFF00FF"
"SRR5674684","#CCFF00FF"
"SRR5674685","#CC00FFFF"
"SRR5674686","#CCFF00FF"
"SRR5674687","#00FF66FF"
"SRR5674712","#CC00FFFF"
"SRR5674713","#00FF66FF"
"SRR5674714","#CCFF00FF"
"SRR5674715","#FF0000FF"
"SRR5674716","#0066FFFF"
"SRR5674717","#00FF66FF"
"SRR5674718","#FF0000FF"
"SRR5674719","#00FF66FF"
"SRR5674720","#FF0000FF"
"SRR5674721","#00FF66FF"
"SRR5674703","#CCFF00FF"
"SRR5674722","#0066FFFF"
"SRR5674723","#00FF66FF"
"SRR5674724","#CC00FFFF"
"SRR5674725","#FF0000FF"
"SRR5674726","#CC00FFFF"
"SRR5674704","#FF0000FF"
"SRR5674705","#FF0000FF"
"SRR5674707","#00FF66FF"
"SRR5674708","#CC00FFFF"
"SRR5674709","#00FF66FF"
"SRR5674710","#CCFF00FF"
"SRR5674711","#0066FFFF"
"SRR5674736","#0066FFFF"
"SRR5674737","#FF0000FF"
"SRR5674738","#FF0000FF"
"SRR5674739","#0066FFFF"
"SRR5674740","#00FF66FF"
"SRR5674741","#CCFF00FF"
"SRR5674742","#FF0000FF"
"SRR5674743","#00FF66FF"
"SRR5674745","#FF0000FF"
"SRR5674746","#00FF66FF"
"SRR5674747","#00FF66FF"
"SRR5674748","#0066FFFF"
"SRR5674749","#0066FFFF"
"SRR5674750","#FF0000FF"
"SRR5674729","#00FF66FF"
"SRR5674730","#CCFF00FF"
"SRR5674731","#CCFF00FF"
"SRR5674733","#0066FFFF"
"SRR5674735","#CCFF00FF"
"SRR5674760","#CC00FFFF"
"SRR5674761","#CC00FFFF"
"SRR5674762","#CCFF00FF"
"SRR5674763","#00FF66FF"
"SRR5674765","#0066FFFF"
"SRR5674766","#00FF66FF"
"SRR5674767","#FF0000FF"
"SRR5674768","#0066FFFF"
"SRR5674769","#00FF66FF"
"SRR5674751","#00FF66FF"
"SRR5674770","#0066FFFF"
"SRR5674771","#CC00FFFF"
"SRR5674772","#0066FFFF"
"SRR5674773","#0066FFFF"
"SRR5674774","#00FF66FF"
"SRR5674752","#FF0000FF"
"SRR5674753","#FF0000FF"
"SRR5674754","#00FF66FF"
"SRR5674755","#0066FFFF"
"SRR5674756","#FF0000FF"
"SRR5674757","#00FF66FF"
"SRR5674758","#CCFF00FF"
"SRR5674759","#00FF66FF"
"SRR5674784","#FF0000FF"
"SRR5674785","#00FF66FF"
"SRR5674786","#FF0000FF"
"SRR5674787","#0066FFFF"
"SRR5674788","#00FF66FF"
"SRR5674789","#CC00FFFF"
"SRR5674790","#CCFF00FF"
"SRR5674791","#FF0000FF"
"SRR5674792","#CC00FFFF"
"SRR5674793","#00FF66FF"
"SRR5674775","#00FF66FF"
"SRR5674794","#00FF66FF"
"SRR5674795","#CCFF00FF"
"SRR5674796","#0066FFFF"
"SRR5674797","#0066FFFF"
"SRR5674798","#0066FFFF"
"SRR5674776","#CCFF00FF"
"SRR5674777","#CC00FFFF"
"SRR5674778","#00FF66FF"
"SRR5674779","#FF0000FF"
"SRR5674780","#FF0000FF"
"SRR5674781","#FF0000FF"
"SRR5674782","#00FF66FF"
"SRR5674783","#0066FFFF"
"SRR5674808","#00FF66FF"
"SRR5674809","#0066FFFF"
"SRR5674810","#0066FFFF"
"SRR5674811","#00FF66FF"
"SRR5674812","#0066FFFF"
"SRR5674813","#FF0000FF"
"SRR5674814","#0066FFFF"
"SRR5674815","#CC00FFFF"
"SRR5674816","#CC00FFFF"
"SRR5674817","#00FF66FF"
"SRR5674799","#00FF66FF"
"SRR5674818","#CCFF00FF"
"SRR5674819","#00FF66FF"
"SRR5674820","#FF0000FF"
"SRR5674821","#0066FFFF"
"SRR5674822","#00FF66FF"
"SRR5674800","#CCFF00FF"
"SRR5674801","#00FF66FF"
"SRR5674802","#CC00FFFF"
"SRR5674803","#FF0000FF"
"SRR5674804","#0066FFFF"
"SRR5674805","#0066FFFF"
"SRR5674806","#00FF66FF"
"SRR5674807","#CCFF00FF"
"SRR5674832","#FF0000FF"
"SRR5674833","#FF0000FF"
"SRR5674834","#FF0000FF"
"SRR5674835","#CCFF00FF"
"SRR5674836","#0066FFFF"
"SRR5674837","#0066FFFF"
"SRR5674838","#FF0000FF"
"SRR5674839","#00FF66FF"
"SRR5674840","#0066FFFF"
"SRR5674841","#FF0000FF"
"SRR5674823","#00FF66FF"
"SRR5674842","#00FF66FF"
"SRR5674843","#0066FFFF"
"SRR5674844","#CCFF00FF"
"SRR5674845","#FF0000FF"
"SRR5674846","#CC00FFFF"
"SRR5674824","#0066FFFF"
"SRR5674825","#00FF66FF"
"SRR5674826","#0066FFFF"
"SRR5674827","#FF0000FF"
"SRR5674829","#CC00FFFF"
"SRR5674830","#FF0000FF"
"SRR5674831","#0066FFFF"
"SRR5674856","#0066FFFF"
"SRR5674857","#00FF66FF"
"SRR5674858","#0066FFFF"
"SRR5674859","#00FF66FF"
"SRR5674860","#CCFF00FF"
"SRR5674861","#00FF66FF"
"SRR5674862","#CC00FFFF"
"SRR5674863","#00FF66FF"
"SRR5674864","#FF0000FF"
"SRR5674865","#CC00FFFF"
"SRR5674847","#00FF66FF"
"SRR5674866","#00FF66FF"
"SRR5674867","#00FF66FF"
"SRR5674868","#0066FFFF"
"SRR5674869","#FF0000FF"
"SRR5674870","#FF0000FF"
"SRR5674848","#FF0000FF"
"SRR5674849","#00FF66FF"
"SRR5674850","#00FF66FF"
"SRR5674851","#CCFF00FF"
"SRR5674852","#0066FFFF"
"SRR5674853","#CCFF00FF"
"SRR5674854","#FF0000FF"
"SRR5674855","#CCFF00FF"
"SRR5674880","#00FF66FF"
"SRR5674881","#FF0000FF"
"SRR5674882","#CCFF00FF"
"SRR5674883","#00FF66FF"
"SRR5674884","#FF0000FF"
"SRR5674885","#00FF66FF"
"SRR5674886","#CC00FFFF"
"SRR5674887","#FF0000FF"
"SRR5674888","#FF0000FF"
"SRR5674889","#00FF66FF"
"SRR5674871","#00FF66FF"
"SRR5674890","#CC00FFFF"
"SRR5674891","#00FF66FF"
"SRR5674892","#00FF66FF"
"SRR5674893","#00FF66FF"
"SRR5674894","#00FF66FF"
"SRR5674872","#00FF66FF"
"SRR5674873","#00FF66FF"
"SRR5674874","#CC00FFFF"
"SRR5674875","#0066FFFF"
"SRR5674876","#00FF66FF"
"SRR5674877","#00FF66FF"
"SRR5674878","#0066FFFF"
"SRR5674879","#0066FFFF"
"SRR5674904","#FF0000FF"
"SRR5674905","#FF0000FF"
"SRR5674906","#FF0000FF"
"SRR5674907","#0066FFFF"
"SRR5674908","#0066FFFF"
"SRR5674909","#CC00FFFF"
"SRR5674910","#00FF66FF"
"SRR5674911","#0066FFFF"
"SRR5674912","#CCFF00FF"
"SRR5674913","#0066FFFF"
"SRR5674895","#FF0000FF"
"SRR5674914","#00FF66FF"
"SRR5674915","#0066FFFF"
"SRR5674916","#0066FFFF"
"SRR5674917","#FF0000FF"
"SRR5674918","#FF0000FF"
"SRR5674896","#00FF66FF"
"SRR5674897","#0066FFFF"
"SRR5674898","#00FF66FF"
"SRR5674899","#00FF66FF"
"SRR5674900","#0066FFFF"
"SRR5674901","#FF0000FF"
"SRR5674902","#0066FFFF"
"SRR5674903","#0066FFFF"
"SRR5674928","#CC00FFFF"
"SRR5674929","#FF0000FF"
"SRR5674930","#00FF66FF"
"SRR5674931","#00FF66FF"
"SRR5674932","#00FF66FF"
"SRR5674933","#00FF66FF"
"SRR5674934","#00FF66FF"
"SRR5674935","#00FF66FF"
"SRR5674937","#CC00FFFF"
"SRR5674919","#00FF66FF"
"SRR5674938","#00FF66FF"
"SRR5674939","#0066FFFF"
"SRR5674940","#CCFF00FF"
"SRR5674941","#CCFF00FF"
"SRR5674942","#00FF66FF"
"SRR5674920","#00FF66FF"
"SRR5674921","#0066FFFF"
"SRR5674922","#0066FFFF"
"SRR5674923","#00FF66FF"
"SRR5674924","#0066FFFF"
"SRR5674925","#FF0000FF"
"SRR5674926","#FF0000FF"
"SRR5674927","#00FF66FF"
"SRR5674952","#00FF66FF"
"SRR5674954","#00FF66FF"
"SRR5674956","#CCFF00FF"
"SRR5674958","#00FF66FF"
"SRR5674959","#0066FFFF"
"SRR5674960","#0066FFFF"
"SRR5674961","#CCFF00FF"
"SRR5674943","#00FF66FF"
"SRR5674962","#00FF66FF"
"SRR5674963","#0066FFFF"
"SRR5674964","#00FF66FF"
"SRR5674965","#0066FFFF"
"SRR5674966","#CCFF00FF"
"SRR5674944","#00FF66FF"
"SRR5674945","#0066FFFF"
"SRR5674946","#FF0000FF"
"SRR5674947","#0066FFFF"
"SRR5674948","#FF0000FF"
"SRR5674949","#FF0000FF"
"SRR5674950","#0066FFFF"
"SRR5674951","#CC00FFFF"
"SRR5674976","#0066FFFF"
"SRR5674977","#00FF66FF"
"SRR5674978","#FF0000FF"
"SRR5674979","#00FF66FF"
"SRR5674980","#FF0000FF"
"SRR5674981","#CC00FFFF"
"SRR5674982","#00FF66FF"
"SRR5674983","#00FF66FF"
"SRR5674984","#00FF66FF"
"SRR5674985","#00FF66FF"
"SRR5674967","#CC00FFFF"
"SRR5674986","#00FF66FF"
"SRR5674987","#FF0000FF"
"SRR5674988","#0066FFFF"
"SRR5674989","#00FF66FF"
"SRR5674990","#FF0000FF"
"SRR5674968","#00FF66FF"
"SRR5674969","#0066FFFF"
"SRR5674970","#00FF66FF"
"SRR5674971","#0066FFFF"
"SRR5674972","#0066FFFF"
"SRR5674973","#0066FFFF"
"SRR5674974","#00FF66FF"
"SRR5674975","#CC00FFFF"
