sample	spliced_sum	unspliced_sum	ambiguous_sum
SRR5674608	130007	56046	7459
SRR5674607	142530	46969	7388
SRR5674609	142927	66166	7900
SRR5674610	157700	69063	8666
SRR5674611	127630	50558	6413
SRR5674612	91873	37362	4658
SRR5674614	46373	20023	2705
SRR5674613	175174	75334	9305
SRR5674615	52602	26468	3018
SRR5674616	115991	48787	5914
SRR5674617	160052	67556	8797
SRR5674618	119920	47981	6500
SRR5674619	124527	63242	6947
SRR5674620	124380	66496	7095
SRR5674621	148350	65538	8447
SRR5674623	116927	45245	6116
SRR5674622	135979	67945	7548
SRR5674624	83221	38454	4885
SRR5674626	130869	56853	7118
SRR5674625	143183	75500	8037
SRR5674627	127978	59471	7394
SRR5674628	140995	58868	7518
SRR5674629	165850	82822	9840
SRR5674630	157251	62691	8732
SRR5674631	133148	60258	7379
SRR5674632	77286	26016	3864
SRR5674633	132745	59725	7440
SRR5674634	112425	55229	6424
SRR5674635	98131	50619	5960
SRR5674636	95623	33447	4817
SRR5674638	77972	31511	4320
SRR5674637	118406	48330	6389
SRR5674639	125764	52144	6935
SRR5674640	113761	52086	6336
SRR5674641	116567	60842	6982
SRR5674642	116605	70073	7358
SRR5674643	110072	47129	5960
SRR5674644	57439	22670	3115
SRR5674645	45957	23473	2748
SRR5674646	119191	61768	6986
SRR5674647	89158	43253	4843
SRR5674648	80929	39844	4807
SRR5674649	118439	58825	7245
SRR5674650	78095	36086	4418
SRR5674651	115967	55847	6472
SRR5674653	98230	39060	5563
SRR5674652	119094	56148	7011
SRR5674654	152175	69356	8722
SRR5674655	143653	65801	8040
SRR5674656	122018	60081	6852
SRR5674657	162277	71647	8997
SRR5674658	128716	56036	6990
SRR5674659	143234	57183	7490
SRR5674660	130826	61337	7912
SRR5674661	163755	73372	9863
SRR5674662	138220	64375	8273
SRR5674663	122630	59500	7560
SRR5674664	137113	71436	7954
SRR5674665	161673	75795	8589
SRR5674666	143218	61758	8115
SRR5674667	142416	66480	8204
SRR5674668	139950	67500	7652
SRR5674669	144901	69880	8804
SRR5674670	148005	69719	7906
SRR5674671	93063	51409	5298
SRR5674672	103641	57261	6488
SRR5674673	136641	64920	7927
SRR5674674	92541	49547	5877
SRR5674675	130209	58914	7445
SRR5674676	140568	63617	7648
SRR5674677	163576	71472	8880
SRR5674678	172664	78908	9921
SRR5674680	97575	40672	5240
SRR5674679	162114	63064	8590
SRR5674681	136771	64400	7766
SRR5674682	122334	46005	6503
SRR5674683	141096	66754	7949
SRR5674684	106408	47562	6007
SRR5674685	96479	51962	5608
SRR5674686	122211	58260	7032
SRR5674687	149818	62040	8634
SRR5674688	141736	65308	8340
SRR5674689	146269	74119	8503
SRR5674690	158154	66758	8950
SRR5674691	141417	54567	7411
SRR5674692	136937	58052	7333
SRR5674693	53845	25470	2977
SRR5674695	110107	42846	5900
SRR5674694	166776	44186	8974
SRR5674696	62419	28212	3440
SRR5674698	81832	30932	4087
SRR5674697	144951	63116	7436
SRR5674699	140070	65029	8234
SRR5674700	154691	74530	8789
SRR5674701	32853	19073	2058
SRR5674702	173627	73342	9079
SRR5674703	151991	74474	9437
SRR5674704	115478	45375	6399
SRR5674705	142813	72918	8171
SRR5674706	11590	6248	722
SRR5674707	179727	82227	10005
SRR5674708	106435	45620	5882
SRR5674709	129252	54211	7064
SRR5674710	137562	53911	7235
SRR5674711	129622	51485	7008
SRR5674712	156911	57499	8515
SRR5674713	168611	72382	9052
SRR5674714	117912	48145	6558
SRR5674715	132324	54922	7367
SRR5674716	144940	58295	7735
SRR5674717	138202	62508	7764
SRR5674718	153176	72043	8763
SRR5674719	128538	62444	7018
SRR5674720	80708	35541	4709
SRR5674722	110950	53286	5871
SRR5674721	148205	62938	7988
SRR5674723	121087	52253	6758
SRR5674724	131921	55403	7436
SRR5674725	159352	63080	8956
SRR5674726	165977	63990	9443
SRR5674727	19390	9128	1021
SRR5674728	47380	21707	2769
SRR5674729	130515	66272	7544
SRR5674730	117299	35916	6184
SRR5674732	11072	4508	669
SRR5674731	134022	59450	7433
SRR5674734	45459	15322	2372
SRR5674733	107845	42874	5614
SRR5674735	121310	46975	6636
SRR5674736	118401	50806	6273
SRR5674737	129019	55921	7277
SRR5674738	105733	57524	6079
SRR5674739	136844	56972	7542
SRR5674740	113340	55864	7073
SRR5674741	89354	38596	4810
SRR5674742	110092	48337	6209
SRR5674743	61606	31369	3637
SRR5674744	31056	15576	1727
SRR5674745	130775	69913	7472
SRR5674746	86023	40894	4846
SRR5674747	122170	54898	7400
SRR5674748	124670	56412	7066
SRR5674749	133526	45138	6652
SRR5674750	163009	64673	8303
SRR5674752	53691	34175	3599
SRR5674751	143705	67524	8168
SRR5674753	126113	55330	6925
SRR5674754	130270	62816	7350
SRR5674755	50965	23122	2655
SRR5674756	68367	32450	3754
SRR5674757	147946	66096	7979
SRR5674758	89798	38162	5432
SRR5674759	120498	53654	6571
SRR5674760	107843	38428	6249
SRR5674761	90562	34883	4801
SRR5674762	116087	43081	5971
SRR5674763	128813	54446	7253
SRR5674764	47911	21649	2868
SRR5674765	59971	24193	3161
SRR5674767	98833	45466	5560
SRR5674766	122533	49952	7657
SRR5674768	55400	23802	2805
SRR5674769	123377	64212	7203
SRR5674770	57826	22658	3070
SRR5674771	127053	44116	7080
SRR5674772	131381	63125	6780
SRR5674773	138855	51615	7360
SRR5674774	156950	68761	8525
SRR5674775	154230	72252	8735
SRR5674776	121001	56244	6956
SRR5674777	161358	53336	9001
SRR5674778	138313	58546	8358
SRR5674779	149178	65291	8210
SRR5674780	119570	56488	6823
SRR5674781	113645	61402	6135
SRR5674782	91867	43866	5040
SRR5674783	131504	50339	6640
SRR5674784	89066	42350	4807
SRR5674785	172285	82180	9897
SRR5674786	157770	77131	8565
SRR5674787	150561	57591	7927
SRR5674788	90662	45480	5169
SRR5674789	149012	68650	8761
SRR5674790	161862	59318	8119
SRR5674791	129297	61185	7388
SRR5674792	130859	65644	7596
SRR5674793	133515	57012	7721
SRR5674794	92584	42073	5599
SRR5674795	153378	58397	7980
SRR5674796	155348	71955	8574
SRR5674797	165379	69664	9285
SRR5674798	164409	66085	8281
SRR5674800	109027	41103	6030
SRR5674799	135600	58653	7640
SRR5674801	125022	62928	7694
SRR5674802	131082	55680	7429
SRR5674803	126283	57844	6808
SRR5674804	111147	48792	6106
SRR5674805	158958	55321	8300
SRR5674806	83794	42993	4773
SRR5674807	148552	53420	7307
SRR5674808	143142	66853	8437
SRR5674809	152974	65279	8235
SRR5674810	138376	56444	7435
SRR5674811	119347	54598	7092
SRR5674812	142497	55544	7693
SRR5674813	136869	57593	7277
SRR5674814	153304	75899	8134
SRR5674815	143218	50223	8128
SRR5674816	130252	38372	6945
SRR5674818	133173	51185	7302
SRR5674817	144683	57228	8062
SRR5674819	144130	70135	8718
SRR5674820	143286	72722	8263
SRR5674821	139596	57382	7299
SRR5674822	143369	62471	7988
SRR5674823	138242	72789	8090
SRR5674824	56602	25452	3163
SRR5674825	139962	73504	8051
SRR5674826	131125	59734	7420
SRR5674827	140088	78951	8109
SRR5674828	35471	15488	1823
SRR5674829	139305	64376	7820
SRR5674830	104945	48487	5577
SRR5674831	100590	40485	5502
SRR5674832	136317	56530	7418
SRR5674833	130793	46007	7016
SRR5674834	129851	56699	7406
SRR5674835	133040	52507	7395
SRR5674836	140616	77268	8424
SRR5674837	95193	40390	5579
SRR5674839	129488	60124	7757
SRR5674838	142248	58268	7468
SRR5674840	64177	27453	3538
SRR5674841	77033	31965	4178
SRR5674842	97994	48676	5979
SRR5674843	154125	59981	8329
SRR5674844	135595	61442	7843
SRR5674845	90694	44058	4869
SRR5674846	181279	69764	9380
SRR5674847	112489	58448	6678
SRR5674848	114670	50809	6583
SRR5674849	161953	71166	9837
SRR5674850	103997	51884	5812
SRR5674851	156142	69511	9110
SRR5674852	60663	24691	3140
SRR5674854	80196	26575	4456
SRR5674853	147052	71301	8002
SRR5674855	119265	45822	6719
SRR5674856	159630	46341	8251
SRR5674857	172019	75740	10083
SRR5674858	100278	39090	5282
SRR5674859	132593	59052	8009
SRR5674860	150313	74980	8857
SRR5674861	141462	62183	8212
SRR5674863	131222	67998	8291
SRR5674862	161339	62477	9277
SRR5674864	84008	39986	4438
SRR5674865	158197	60093	8393
SRR5674866	119279	55727	7053
SRR5674867	132823	65334	7342
SRR5674868	146855	59329	7431
SRR5674869	178340	76483	9588
SRR5674870	164727	62306	8814
SRR5674872	102824	50993	5626
SRR5674871	169328	72533	9223
SRR5674873	143832	88125	8750
SRR5674874	112394	49250	6361
SRR5674875	160857	57755	8481
SRR5674876	124768	72802	7308
SRR5674877	141782	57602	7411
SRR5674878	131408	47473	6654
SRR5674879	142111	53405	7497
SRR5674881	105418	57177	6136
SRR5674880	141610	73363	8424
SRR5674882	154703	81033	9246
SRR5674883	90115	37492	4866
SRR5674885	61190	31522	3596
SRR5674884	150761	64435	8587
SRR5674887	78007	36160	4347
SRR5674886	164560	57405	9039
SRR5674888	107918	45258	5460
SRR5674890	139769	56161	7590
SRR5674889	145018	67672	8659
SRR5674891	135796	56312	7454
SRR5674892	155132	69805	9833
SRR5674893	163589	89142	9777
SRR5674894	173150	81882	9803
SRR5674895	110105	47021	5998
SRR5674896	124361	56352	7553
SRR5674897	134911	48675	7211
SRR5674899	144631	73064	8392
SRR5674898	159078	69477	8963
SRR5674900	97720	39728	5079
SRR5674901	178336	72939	9871
SRR5674902	139108	62700	7584
SRR5674903	141947	59965	7928
SRR5674904	175956	85687	10359
SRR5674905	178043	79594	9650
SRR5674906	147152	67679	8436
SRR5674907	135142	54946	6881
SRR5674908	167115	45294	8340
SRR5674909	175021	61120	9399
SRR5674910	164877	73512	9548
SRR5674911	148422	53910	7991
SRR5674912	135252	50562	7396
SRR5674913	168914	53832	8890
SRR5674914	101983	65440	6748
SRR5674915	151207	62252	8223
SRR5674916	144871	52634	7438
SRR5674917	181183	73243	9359
SRR5674918	177232	67886	9585
SRR5674919	160851	80799	9241
SRR5674920	113977	53588	6463
SRR5674921	148234	68296	8068
SRR5674922	120654	61398	6840
SRR5674923	154067	74190	9431
SRR5674924	100273	41172	5224
SRR5674926	121902	52975	6880
SRR5674925	122792	61985	7093
SRR5674927	129386	61708	7046
SRR5674928	148269	54797	8144
SRR5674929	147696	61104	8310
SRR5674930	144287	67189	7686
SRR5674931	127510	63179	7303
SRR5674932	134088	66929	7897
SRR5674933	112045	57922	6685
SRR5674935	136046	64495	7596
SRR5674934	141528	73409	8266
SRR5674936	34272	7542	1592
SRR5674937	152650	65612	8989
SRR5674938	123428	63682	7528
SRR5674939	147355	68283	8128
SRR5674940	139740	52292	7440
SRR5674941	163066	69460	8546
SRR5674942	162989	80203	8976
SRR5674943	114744	48275	6070
SRR5674944	93010	43696	5254
SRR5674945	95420	40348	5168
SRR5674946	86103	34343	4840
SRR5674947	129946	44664	6670
SRR5674948	91925	46077	5087
SRR5674949	84660	36167	4661
SRR5674950	118193	47928	6462
SRR5674951	102126	76698	6330
SRR5674952	134094	67960	7889
SRR5674953	37447	16621	1953
SRR5674955	45317	21048	2559
SRR5674954	121885	65761	8012
SRR5674957	20327	13447	1293
SRR5674956	156263	70024	8881
SRR5674958	164348	71926	9297
SRR5674959	111579	39032	5803
SRR5674960	89117	33544	4800
SRR5674962	141460	61741	7800
SRR5674961	145769	69882	8577
SRR5674963	151302	58670	7666
SRR5674964	182825	82271	10479
SRR5674965	165665	59213	8863
SRR5674966	166005	46333	8918
SRR5674967	146189	49226	8040
SRR5674968	123657	50832	6997
SRR5674969	138551	56710	7384
SRR5674970	126960	63769	7912
SRR5674971	161618	63579	8308
SRR5674972	126282	52973	6490
SRR5674973	153262	70076	8612
SRR5674974	133250	71343	8097
SRR5674975	151809	71295	8378
SRR5674976	150008	63397	7751
SRR5674977	138246	64430	8127
SRR5674978	162486	74140	9515
SRR5674979	166476	73473	8965
SRR5674980	160801	67138	8998
SRR5674981	103603	33937	5599
SRR5674982	168594	72351	8563
SRR5674983	127931	60386	7743
SRR5674984	82569	41508	5278
SRR5674985	160357	74519	9082
SRR5674986	119511	63522	7140
SRR5674987	153583	70804	8404
SRR5674988	109452	88716	7060
SRR5674989	177823	82713	10659
SRR5674990	171087	62697	9266
